order_id,product_id,quantity,unit_price,discount_percentage,discount_amount,gross_sales,tax_amount,shipping_cost,net_sales,product_cost,profit
ORD-301242,PROD-000738,2,244.4,0.339607291,166,488.8,22.6,6.48,351.88,173.28,172.12
ORD-301242,PROD-000181,3,287.13,0.36207588,311.89,861.39,38.47,5.55,593.52,415.05,172.92
ORD-773460,PROD-000973,4,754.8,0.468299574,1413.89,3019.2,305.01,9,1919.32,1976.16,-65.84
ORD-773460,PROD-000268,4,31.36,0.336181934,42.17,125.44,15.82,0,99.09,55.72,43.37
ORD-449374,PROD-001040,3,6.31,0.089678041,1.7,18.93,1.21,0.98,19.42,5.91,12.53
ORD-449374,PROD-000750,2,251.94,0.18972835,95.6,503.88,28.58,12.07,448.93,251.82,185.04
ORD-567636,PROD-000639,1,280.19,0.016779892,4.7,280.19,19.28,6.37,301.14,172.77,122
ORD-567636,PROD-001098,1,264.43,0.183924131,48.64,264.43,15.11,14.48,245.38,105.07,125.83
ORD-820028,PROD-000106,4,587.18,0.051153295,120.14,2348.72,401.14,9.52,2639.24,1179.6,1450.12
ORD-820028,PROD-000291,1,62.26,0.125197063,7.79,62.26,9.8,9.65,73.92,22.89,41.38
ORD-820028,PROD-000504,1,63.54,0.089662085,5.7,63.54,10.41,3.86,72.11,29.39,38.86
ORD-208728,PROD-000964,1,844.03,0.078397476,66.17,844.03,101.12,28.09,907.07,421.73,457.25
ORD-208728,PROD-000315,3,265.8,0.08142421,64.93,797.4,95.22,7.26,834.95,444.51,383.18
ORD-208728,PROD-000346,1,283.07,0.011530992,3.26,283.07,36.38,4.64,320.83,123.13,193.06
ORD-208728,PROD-000526,2,16.7,0.147384225,4.92,33.4,3.7,17.51,49.69,10.18,22
ORD-917065,PROD-000576,1,26.52,0.070465136,1.87,26.52,1.73,5.68,32.06,11.33,15.05
ORD-917065,PROD-000454,3,306.37,0.488318868,448.82,919.11,32.92,3.6,506.81,573.27,-70.06
ORD-813224,PROD-001172,1,246.92,0.001566585,0.39,246.92,17.26,2.91,266.7,126.7,137.09
ORD-813224,PROD-001146,2,122.88,0.234722457,57.69,245.76,13.16,11.98,213.21,87.8,113.43
ORD-813224,PROD-000513,1,22.68,0.058604869,1.33,22.68,1.49,0.56,23.4,9.89,12.95
ORD-813224,PROD-000568,1,95.01,0.028002837,2.66,95.01,6.46,12.09,110.9,35.91,62.9
ORD-219959,PROD-000983,2,538.16,0.225678562,242.9,1076.32,58.34,0.71,892.47,594.84,296.92
ORD-348946,PROD-000288,5,73.46,0.437514119,160.7,367.3,39.25,5.03,250.88,158.35,87.5
ORD-348946,PROD-000857,2,202.84,0.266429653,108.09,405.68,56.54,5,359.13,215.94,138.19
ORD-519225,PROD-000986,1,709.87,0.100065749,71.03,709.87,121.38,4.82,765.04,439.19,321.03
ORD-519225,PROD-000440,1,372.51,0.050098818,18.66,372.51,67.23,3.24,424.32,139.5,281.58
ORD-519225,PROD-000106,1,587.18,0.171812227,100.88,587.18,92.4,4.55,583.25,294.9,283.8
ORD-113070,PROD-000018,1,1207.67,0.169903537,205.19,1207.67,70.17,5.5,1078.15,830.76,241.89
ORD-113070,PROD-000555,1,74.36,0.110468256,8.21,74.36,4.63,3.52,74.3,29.7,41.08
ORD-241399,PROD-000560,1,89.55,0.19687749,17.63,89.55,5.03,24.2,101.15,30.75,46.2
ORD-241399,PROD-000935,2,331.14,0.167080171,110.65,662.28,38.61,3.93,594.17,389.44,200.8
ORD-241399,PROD-001039,2,23.93,0.139548558,6.68,47.86,2.88,5.71,49.77,22.46,21.6
ORD-241399,PROD-000282,3,144.55,0.164776763,71.46,433.65,25.35,24.15,411.69,146.22,241.32
ORD-581720,PROD-000152,1,734.45,0.071131137,52.24,734.45,34.11,8.02,724.34,314.2,402.12
ORD-876123,PROD-000072,5,491.55,0.355302853,873.25,2457.75,285.21,3.77,1873.48,1578.95,290.76
ORD-876123,PROD-000199,3,271.1,0.252532063,205.38,813.3,109.43,15.81,733.16,359.64,357.71
ORD-217726,PROD-000952,1,922.33,0.00252706,2.33,922.33,64.4,5.83,990.23,397.1,587.3
ORD-217726,PROD-000793,2,102.3,0.06824645,13.96,204.6,13.34,3.28,207.26,111.96,92.02
ORD-217726,PROD-000118,2,699.54,0.195872147,274.04,1399.08,78.75,5.61,1209.4,790.02,413.77
ORD-217726,PROD-001083,2,52.51,0.161781743,16.99,105.02,6.16,5.62,99.81,37.08,57.11
ORD-529040,PROD-000121,1,371.72,0.233444421,86.78,371.72,56.99,9.85,351.78,208.47,133.46
ORD-529040,PROD-000996,3,968.68,0.389386177,1131.57,2906.04,354.89,16.52,2145.88,1207.47,921.89
ORD-300475,PROD-000226,2,147.53,0.110098461,32.49,295.06,18.38,3.1,284.05,96.78,184.17
ORD-605527,PROD-000730,3,233.33,0.199915768,139.94,699.99,72.81,7.48,640.34,382.98,249.88
ORD-745646,PROD-000186,2,132.98,0,0,265.96,34.57,3.84,304.37,90.48,210.05
ORD-745646,PROD-000197,2,55.85,0,0,111.7,14.52,4.53,130.75,38.6,87.62
ORD-745646,PROD-000396,1,470.18,0,0,470.18,61.12,3.87,535.17,261.59,269.71
ORD-101695,PROD-000897,2,180.11,0.142479831,51.32,360.22,21.62,3.83,334.35,151.76,178.76
ORD-101695,PROD-000819,2,149.31,0.058299554,17.41,298.62,19.68,3.97,304.86,99.98,200.91
ORD-101695,PROD-000478,4,46.09,0.485593603,89.52,184.36,6.64,6.32,107.8,73.32,28.16
ORD-701919,PROD-000496,2,35.65,0.002090193,0.15,71.3,14.23,2.63,88.01,27.04,58.34
ORD-701919,PROD-000332,1,242.24,0.109803324,26.6,242.24,43.13,5.32,264.09,106.64,152.13
ORD-701919,PROD-000582,2,17.04,0.127392179,4.34,34.08,5.95,4.76,40.45,13.76,21.93
ORD-701919,PROD-000543,1,24.07,0.119651741,2.88,24.07,4.24,4.94,30.37,9.8,15.63
ORD-701919,PROD-000981,2,302.06,0.194421068,117.45,604.12,97.33,4.89,588.89,350.68,233.32
ORD-568563,PROD-000457,2,110.35,0.196025827,43.26,220.7,12.42,0.86,190.72,92.98,96.88
ORD-568563,PROD-000137,1,733.77,0.04363074,32.01,733.77,49.12,12.17,763.05,310.25,440.63
ORD-568563,PROD-001057,4,77.62,0.226593117,70.35,310.48,16.81,2.53,259.47,109.4,147.54
ORD-392752,PROD-000514,1,46.76,0.084691615,3.96,46.76,3,6.37,52.17,20.66,25.14
ORD-392752,PROD-000618,1,165.95,0.095739933,15.89,165.95,10.5,6.26,166.82,85.52,75.04
ORD-392752,PROD-000749,2,258.87,0.042961078,22.24,517.74,34.68,14.72,544.9,248.7,281.48
ORD-337554,PROD-000887,5,86.02,0.457922652,196.95,430.1,16.32,5.71,255.18,213.85,35.62
ORD-337554,PROD-000582,1,17.04,0.162393197,2.77,17.04,1,5.79,21.06,6.88,8.39
ORD-337554,PROD-000074,2,1303.99,0.100553049,262.24,2607.98,164.2,23.86,2533.8,1647,862.94
ORD-933632,PROD-000736,1,276.65,0,0,276.65,49.8,9.62,336.07,116.2,210.25
ORD-933632,PROD-000485,1,70.82,0,0,70.82,12.75,10.44,94.01,29.33,54.24
ORD-933632,PROD-000532,1,17.29,0,0,17.29,3.11,1.95,22.35,7.69,12.71
ORD-351451,PROD-000891,1,231.02,0.095440226,22.05,231.02,14.63,2.69,226.29,96.69,126.91
ORD-351451,PROD-000348,2,319.43,0.114414038,73.09,638.86,39.6,12.46,617.83,274.52,330.85
ORD-351451,PROD-001051,3,64.87,0.090465466,17.61,194.61,12.39,2.87,192.26,60.75,128.64
ORD-125074,PROD-000583,1,18.55,0.171994662,3.19,18.55,1.08,3.58,20.02,6.77,9.67
ORD-125074,PROD-000629,3,44.61,0.414803359,55.51,133.83,5.48,3.1,86.9,55.59,28.21
ORD-125074,PROD-001151,2,141.88,0.302431382,85.82,283.76,13.86,3.57,215.37,133,78.8
ORD-590989,PROD-000713,2,66.06,0.223719859,29.56,132.12,7.18,3.37,113.11,81.84,27.9
ORD-590989,PROD-000079,1,236.67,0.112299388,26.58,236.67,14.71,0.81,225.61,137.41,87.39
ORD-590989,PROD-000053,1,1073.78,0.054686193,58.72,1073.78,71.05,1.01,1087.12,700.45,385.66
ORD-279226,PROD-000779,1,47.63,0.093328945,4.45,47.63,8.64,4.83,56.65,21.24,30.58
ORD-279226,PROD-000723,1,195.73,0.140680843,27.54,195.73,33.64,3.28,205.11,74.68,127.15
ORD-711317,PROD-000555,2,74.36,0.199203324,29.63,148.72,22.63,12.67,154.39,59.4,82.32
ORD-711317,PROD-001175,3,87.88,0.022784518,6.01,263.64,48.95,4.84,311.42,85.74,220.84
ORD-711317,PROD-000889,3,218.6,0.080219365,52.61,655.8,114.61,4.98,722.78,254.85,462.95
ORD-203890,PROD-000140,3,330.07,0.194148155,192.25,990.21,55.86,5.99,859.81,562.56,291.26
ORD-203890,PROD-000066,2,653.97,0.182147514,238.24,1307.94,74.88,6.2,1150.78,843.88,300.7
ORD-946094,PROD-000191,4,163.92,0.121118822,79.42,655.68,40.34,5.69,622.29,350.84,265.76
ORD-401131,PROD-000320,3,33.08,0.067469132,6.7,99.24,12.03,3.58,108.15,38.85,65.72
ORD-401131,PROD-000213,2,169.13,0.098103311,33.18,338.26,39.66,4.43,349.17,126.08,218.66
ORD-401131,PROD-000849,3,31.27,0.259136978,24.31,93.81,9.04,4.47,83.01,39.57,38.97
ORD-401131,PROD-000245,2,103.13,0.119028013,24.55,206.26,23.62,3.8,209.13,88.84,116.49
ORD-401131,PROD-000106,1,587.18,0.217535651,127.73,587.18,59.73,3.76,522.94,294.9,224.28
ORD-540169,PROD-000994,1,971.74,0.092115205,89.51,971.74,61.76,14.5,958.49,516.28,427.71
ORD-540169,PROD-001174,1,71.13,0.037088107,2.64,71.13,4.79,4.09,77.37,25.42,47.86
ORD-540169,PROD-000508,1,75.41,0.116896823,8.82,75.41,4.66,6.19,77.44,27.93,43.32
ORD-942730,PROD-001136,4,243.93,0.420295584,410.09,975.72,39.59,23.46,628.68,502,103.22
ORD-942730,PROD-000148,5,790.65,0.29555826,1168.42,3953.25,194.94,6.04,2985.81,1951.2,1028.57
ORD-942730,PROD-000067,1,1353.21,0.051461315,69.64,1353.21,89.85,4.05,1377.47,887.67,485.75
ORD-299693,PROD-000305,3,97.38,0.136433006,39.86,292.14,47.93,12.01,312.22,117.54,182.67
ORD-299693,PROD-000666,2,401.03,0.141277022,113.31,802.06,130.86,5.01,824.62,551,268.61
ORD-299693,PROD-000832,1,102.77,0.147686389,15.18,102.77,16.64,19.67,123.9,43.97,60.26
ORD-463436,PROD-000714,2,259.58,0.084949201,44.1,519.16,90.26,12.39,577.71,288.02,277.3
ORD-695209,PROD-000830,3,217.25,0.453217752,295.38,651.75,17.82,5.04,379.23,291.45,82.74
ORD-695209,PROD-000679,1,372.95,0.06882378,25.67,372.95,17.36,5.03,369.67,188.28,176.36
ORD-695209,PROD-000778,5,31.96,0.297037643,47.47,159.8,5.62,16.8,134.75,80.05,37.9
ORD-695209,PROD-001154,4,198.11,0.404041249,320.18,792.44,23.61,5.05,500.92,292.28,203.59
ORD-695209,PROD-000253,2,96.81,0.417751204,80.88,193.62,5.64,17.15,135.53,83.9,34.48
ORD-914704,PROD-001023,3,6.44,0,0,19.32,1.35,6.42,27.09,9.48,11.19
ORD-914704,PROD-000708,3,313.02,0,0,939.06,65.73,5.85,1010.64,648.09,356.7
ORD-914704,PROD-000437,5,186.24,0,0,931.2,65.18,5.82,1002.2,553.55,442.83
ORD-182393,PROD-000878,2,250.79,0.010370108,5.2,501.58,34.75,14.97,546.1,151.14,379.99
ORD-182393,PROD-000336,1,268.63,0.066777832,17.94,268.63,17.55,3.53,271.77,140.51,127.73
ORD-182393,PROD-000249,1,42.51,0.027641302,1.18,42.51,2.89,6.09,50.31,22.31,21.91
ORD-182393,PROD-000582,4,17.04,0.052814173,3.6,68.16,4.52,14.86,83.94,27.52,41.56
ORD-182393,PROD-001053,3,93.95,0.12602642,35.52,281.85,17.24,14.97,278.54,74.97,188.6
ORD-545306,PROD-000575,1,71.11,0.078738716,5.6,71.11,4.59,14.63,84.73,23.13,46.97
ORD-545306,PROD-000673,2,221.46,0.142293505,63.02,442.92,26.59,6.41,412.9,296.74,109.75
ORD-545306,PROD-000344,3,334.13,0.040739389,40.84,1002.39,67.31,15.16,1044.02,360.12,668.74
ORD-935844,PROD-001063,2,38.9,0.081746746,6.36,77.8,3.57,29.15,104.16,26.34,48.67
ORD-935844,PROD-000905,2,131.61,0.18894523,49.73,263.22,10.67,5.27,229.43,108.32,115.84
ORD-277997,PROD-000482,4,41.06,0.37081031,60.9,164.24,7.23,3.37,113.94,77.8,32.77
ORD-277997,PROD-000108,2,600.22,0.429584555,515.69,1200.44,47.93,3.22,735.9,678.3,54.38
ORD-277997,PROD-000365,1,248.98,0.067053083,16.69,248.98,16.26,0.1,248.65,119.06,129.49
ORD-277997,PROD-000590,3,103.06,0.288084811,89.07,309.18,15.41,2.8,238.32,121.8,113.72
ORD-277997,PROD-000898,3,214.37,0.263932661,169.74,643.11,33.14,11.55,518.06,194.85,311.66
ORD-166288,PROD-000710,4,116.25,0.110208796,51.25,465,28.96,6.3,449.01,309.04,133.67
ORD-166288,PROD-001056,3,51.65,0.199698277,30.94,154.95,8.68,3.74,136.43,74.64,58.05
ORD-166288,PROD-000596,2,180.6,0.054119133,19.55,361.2,23.92,14.87,380.44,165.86,199.71
ORD-166288,PROD-000103,3,461.41,0.03559323,49.27,1384.23,93.45,24.26,1452.67,665.46,762.95
ORD-808553,PROD-000369,1,398.04,0.000947648,0.38,398.04,27.84,5.84,431.34,156.62,268.88
ORD-808553,PROD-000483,1,58.48,0.111115327,6.5,58.48,3.64,14.9,70.52,27.35,28.27
ORD-806742,PROD-000450,1,201.24,0.053158617,10.7,201.24,36.2,3.17,229.91,130.06,96.68
ORD-806742,PROD-000705,3,126.85,0.067705857,25.77,380.55,67.41,5.05,427.24,254.28,167.91
ORD-832390,PROD-000827,4,39.96,0.210073038,33.58,159.84,8.84,3.59,138.69,79.68,55.42
ORD-832390,PROD-000636,2,137.44,0.060209994,16.55,274.88,18.08,3.89,280.3,188.96,87.45
ORD-832390,PROD-000558,1,177.43,0.143817427,25.52,177.43,10.63,14.52,177.06,91.73,70.81
ORD-832390,PROD-000846,1,210.19,0.063606797,13.37,210.19,13.78,15.43,226.03,101.97,108.63
ORD-832390,PROD-000259,5,121.62,0.19727192,119.96,608.1,34.17,5.56,527.87,205.2,317.11
ORD-613361,PROD-000136,1,726.87,0.163915519,119.15,726.87,42.54,15.45,665.71,361.47,288.79
ORD-613361,PROD-000697,2,496.82,0.110380077,109.68,993.64,61.88,14.93,960.77,510.86,434.98
ORD-613361,PROD-000226,4,147.53,0.454362418,268.13,590.12,22.54,24.41,368.94,193.56,150.97
ORD-400345,PROD-000576,1,26.52,0.172814891,4.58,26.52,1.54,2.93,26.41,11.33,12.15
ORD-400345,PROD-000024,3,1482.95,0.207029344,921.04,4448.85,246.95,2.87,3777.63,2911.56,863.2
ORD-400345,PROD-000627,1,70.05,0.034748235,2.43,70.05,4.73,0.18,72.53,30.91,41.44
ORD-795151,PROD-000172,3,262.5,0.318971123,251.19,787.5,37.54,23.62,597.47,246.93,326.92
ORD-428014,PROD-000715,1,217.42,0.119845546,26.06,217.42,13.4,6.3,211.06,93.18,111.58
ORD-428014,PROD-000363,2,251.16,0.126499098,63.54,502.32,30.71,6.32,475.81,196.78,272.71
ORD-470112,PROD-000162,1,195.72,0.23764138,46.51,195.72,10.44,2.81,162.46,93.02,66.63
ORD-470112,PROD-000419,2,350.64,0.236106084,165.58,701.28,37.5,11.96,585.16,335.98,237.22
ORD-470112,PROD-000337,2,111.12,0.135728574,30.16,222.24,13.45,11.99,217.52,104.98,100.55
ORD-470112,PROD-000023,1,383.2,0.004486812,1.72,383.2,26.7,2.68,410.86,253.08,155.1
ORD-116949,PROD-000009,3,792.89,0.093620712,222.69,2378.67,150.92,15,2321.9,1562.88,744.02
ORD-116949,PROD-000193,1,61.18,0.026297837,1.61,61.18,4.17,14.9,78.64,35.36,28.38
ORD-116949,PROD-000361,1,317.74,0.064501874,20.49,317.74,20.81,23.6,341.66,118.31,199.75
ORD-675051,PROD-001038,5,27.99,0.399759268,55.95,139.95,5.88,15.24,105.12,59.95,29.93
ORD-675051,PROD-000652,1,446.68,0.055275685,24.69,446.68,29.54,23.64,475.17,312.45,139.08
ORD-675051,PROD-000645,2,345.18,0.187244184,129.27,690.36,39.28,6.45,606.82,401.14,199.23
ORD-857248,PROD-000992,5,747.72,0.084001856,314.05,3738.6,342.46,8.67,3775.68,1926.5,1840.51
ORD-857248,PROD-001118,2,133.21,0.177670562,47.33,266.42,21.91,22.13,263.13,140.4,100.6
ORD-857248,PROD-000595,3,100.37,0.12616756,37.99,301.11,26.31,22.76,312.19,138.3,151.13
ORD-857248,PROD-000283,1,21.95,0.11201781,2.46,21.95,1.95,35.97,57.41,12.06,9.38
ORD-713940,PROD-000709,2,590.78,0.233571438,275.98,1181.56,172.06,2.01,1079.65,709.38,368.26
ORD-909238,PROD-000478,3,46.09,0.317595382,43.91,138.27,6.61,6.03,107,54.99,45.98
ORD-909238,PROD-001062,2,28.75,0.201505636,11.59,57.5,3.21,14.68,63.8,21.78,27.34
ORD-909238,PROD-001071,2,20.23,0.143043014,5.79,40.46,2.43,6.4,43.5,16.92,20.18
ORD-909238,PROD-000567,1,193.18,0.067903843,13.12,193.18,12.6,14.68,207.34,84.49,108.17
ORD-902423,PROD-000053,1,1073.78,0,0,1073.78,204.02,12.72,1290.52,700.45,577.35
ORD-902423,PROD-001092,2,55.89,0,0,111.78,21.24,12.24,145.26,51.32,81.7
ORD-328403,PROD-000522,3,29.24,0.055752699,4.89,87.72,16.57,5.29,104.69,40.74,58.66
ORD-328403,PROD-000190,1,142.49,0.170512281,24.3,142.49,23.64,5.04,146.87,81.4,60.43
ORD-328403,PROD-000667,3,53.09,0.129428465,20.61,159.27,27.73,5.28,171.67,77.19,89.2
ORD-240354,PROD-000553,2,48.77,0.108428807,10.58,97.54,6.09,5.91,98.96,35.22,57.83
ORD-240354,PROD-000855,3,22.05,0.16986828,11.24,66.15,3.84,3.87,62.62,21.06,37.69
ORD-200303,PROD-001035,1,91.88,0.051014494,4.69,91.88,6.1,15,108.29,32.94,60.35
ORD-578845,PROD-000053,1,1073.78,0.231318367,248.39,1073.78,165.08,4.97,995.44,700.45,290.02
ORD-578845,PROD-000273,1,92.78,0.127982458,11.87,92.78,16.18,4.82,101.91,37.09,60
ORD-578845,PROD-000770,4,190.86,0.354077771,270.32,763.44,98.62,12.72,604.46,288.92,302.82
ORD-876134,PROD-000563,1,185.71,0.005211563,0.97,185.71,18.47,1.96,205.17,78.33,124.88
ORD-876134,PROD-000620,1,100.2,0.102524557,10.27,100.2,8.99,2.53,101.45,51.15,47.77
ORD-876134,PROD-000019,1,977.27,0.042875298,41.9,977.27,93.54,33.3,1062.21,668.82,360.09
ORD-876134,PROD-000825,1,228.27,0.177668848,40.56,228.27,18.77,19.84,226.32,109.69,96.79
ORD-240657,PROD-000351,1,351.76,0.127403826,44.82,351.76,21.49,5.55,333.98,169.63,158.8
ORD-240657,PROD-000095,2,362.91,0.0110869,8.05,725.82,50.24,23.92,791.93,307.38,460.63
ORD-240657,PROD-000595,2,100.37,0.028181498,5.66,200.74,13.66,15.1,223.84,92.2,116.54
ORD-626126,PROD-001111,2,189.94,0.39314799,149.35,379.88,11.53,8.25,250.31,184.46,57.6
ORD-626126,PROD-001018,2,50.89,0.209913909,21.37,101.78,4.02,7.7,92.13,32.28,52.15
ORD-171409,PROD-000434,2,360.58,0.027597255,19.9,721.16,91.16,4.35,796.77,259.24,533.18
ORD-171409,PROD-000095,1,362.91,0.025303414,9.18,362.91,45.98,3.56,403.27,153.69,246.02
ORD-171409,PROD-000151,3,644,0.129156332,249.53,1932,218.72,3.64,1904.83,1042.5,858.69
ORD-442088,PROD-000702,1,423.62,0.043750023,18.53,423.62,28.36,3.3,436.75,270.26,163.19
ORD-929891,PROD-001019,1,67.39,0.071261545,4.8,67.39,4.38,5.57,72.54,33.16,33.81
ORD-929891,PROD-000996,1,968.68,0.190383502,184.42,968.68,54.9,6.15,845.31,402.49,436.67
ORD-929891,PROD-000588,1,171.21,0.035612232,6.1,171.21,11.56,5.71,182.38,55.56,121.11
ORD-929891,PROD-000423,1,211.43,0.129118974,27.3,211.43,12.89,3.48,200.5,104.44,92.58
ORD-540396,PROD-000507,2,27.04,0.201441516,10.89,54.08,7.77,2.13,53.09,26.26,24.7
ORD-899389,PROD-000954,1,216.46,0.100654118,21.79,216.46,13.63,24.03,232.33,142.87,65.43
ORD-899389,PROD-001131,2,103.68,0.016462534,3.41,207.36,14.28,6.09,224.32,108.76,109.47
ORD-503367,PROD-000088,3,793.04,0.014416185,34.3,2379.12,304.83,1.15,2650.8,1034.97,1614.68
ORD-216385,PROD-000024,3,1482.95,0.080955445,360.16,4448.85,286.21,5.59,4380.49,2911.56,1463.34
ORD-192961,PROD-000154,1,183.17,0.024151029,4.42,183.17,12.51,14.83,206.09,78.65,112.61
ORD-192961,PROD-000697,2,496.82,0.004357299,4.33,993.64,69.25,6.25,1064.81,510.86,547.7
ORD-192961,PROD-000917,4,286.73,0.112403604,128.92,1146.92,71.26,3.87,1093.13,562.88,526.38
ORD-192961,PROD-000661,1,127.94,0.105717847,13.53,127.94,8.01,5.67,128.09,81.98,40.44
ORD-192961,PROD-000306,1,71.06,0.09207099,6.54,71.06,4.52,5.76,74.8,26.55,42.49
ORD-437422,PROD-000548,2,68.94,0.160008432,22.06,137.88,23.16,4.65,143.63,55.72,83.26
ORD-437422,PROD-000311,2,68.65,0.026912648,3.7,137.3,26.72,5.29,165.61,76.72,83.6
ORD-973366,PROD-000720,1,114.16,0.089885497,10.26,114.16,7.27,3.13,114.3,52.81,58.36
ORD-930711,PROD-000170,3,250.31,0.551643887,414.25,750.93,43.77,3.81,384.26,439.26,-58.81
ORD-930711,PROD-000204,2,213.31,0.24757612,105.62,426.62,41.73,25.35,388.08,133.02,229.71
ORD-386418,PROD-000771,4,159.61,0.043806809,27.97,638.44,122.09,5.06,737.62,363,369.56
ORD-386418,PROD-000180,1,89.26,0.1437517,12.83,89.26,15.29,12.58,104.3,38.84,52.88
ORD-460492,PROD-000609,1,134.12,0.098759852,13.25,134.12,8.46,3.29,132.62,58.02,71.31
ORD-455507,PROD-000197,1,55.85,0,0,55.85,3.91,3.75,63.51,19.3,40.46
ORD-379221,PROD-000456,2,87.49,0.126712083,22.17,174.98,27.51,3.82,184.14,98.82,81.5
ORD-379221,PROD-000607,3,130.56,0.300894991,117.85,391.68,49.29,9.89,333.01,154.89,168.23
ORD-379221,PROD-000731,2,89.18,0.292875764,52.24,178.36,22.7,9.57,158.39,102.88,45.94
ORD-379221,PROD-000063,1,1262.39,0.236935886,299.11,1262.39,173.39,9.57,1146.24,771.37,365.3
ORD-953431,PROD-000732,3,174.73,0.147844397,77.5,524.19,31.27,6.13,484.09,198,279.96
ORD-953431,PROD-000200,1,68.25,0.092755516,6.33,68.25,4.33,15.35,81.6,24.41,41.84
ORD-953431,PROD-000281,2,11.83,0.074675691,1.77,23.66,1.53,5.94,29.36,11.02,12.4
ORD-953431,PROD-000929,4,301.02,0.498074056,599.72,1204.08,42.31,23.47,670.14,448.64,198.03
ORD-953431,PROD-000764,2,70.89,0.452461779,64.15,141.78,5.43,15.24,98.3,71.28,11.78
ORD-720007,PROD-000572,3,100.06,0.524053972,157.31,300.18,10,12.32,165.19,94.41,58.46
ORD-720007,PROD-000646,5,486.89,0.369747021,900.13,2434.45,107.4,2.92,1644.64,1170.85,470.87
ORD-720007,PROD-000297,3,23.92,0.477339805,34.25,71.76,2.63,0.15,40.29,25.89,14.25
ORD-720007,PROD-000338,2,395.25,0.107388377,84.89,790.5,49.39,3.1,758.1,463.24,291.76
ORD-720007,PROD-000050,2,853.48,0.339446443,579.42,1706.96,78.93,3.17,1209.64,871.06,335.41
ORD-574267,PROD-001071,2,20.23,0.050041584,2.02,40.46,7.69,12.5,58.63,16.92,29.21
ORD-750675,PROD-000818,1,241.94,0.119640284,28.95,241.94,42.6,5.41,261,106.32,149.27
ORD-671710,PROD-000673,5,221.46,0,0,1107.3,77.51,3.72,1188.53,741.85,442.96
ORD-172821,PROD-000761,4,87.5,0.100917356,35.32,350,22.03,3.03,339.74,154.16,182.55
ORD-172821,PROD-000384,3,436.96,0.6,786.53,1310.88,36.7,0.22,561.27,737.37,-176.32
ORD-919343,PROD-000177,2,35.79,0.107485609,7.69,71.58,11.5,10.24,85.63,40.04,35.35
ORD-149817,PROD-000167,1,292.83,0.176809351,51.78,292.83,45.8,20.45,307.3,174.49,112.36
ORD-149817,PROD-000761,4,87.5,0.134660959,47.13,350,57.55,3.19,363.61,154.16,206.26
ORD-149817,PROD-000121,1,371.72,0.082297947,30.59,371.72,64.81,3.45,409.39,208.47,197.47
ORD-149817,PROD-000663,2,442.2,0.303305525,268.24,884.4,117.07,2.6,735.83,485.48,247.75
ORD-512447,PROD-000893,2,138.21,0.131813757,36.44,276.42,16.8,5.55,262.33,87.74,169.04
ORD-512447,PROD-000938,3,229.61,0.044965555,30.97,688.83,46.05,3.31,707.22,344.4,359.51
ORD-672934,PROD-000424,1,163.54,0.105694683,17.29,163.54,14.62,19.02,179.89,91.34,69.53
ORD-672934,PROD-000507,1,27.04,0.224552984,6.07,27.04,2.1,6.13,29.2,13.13,9.94
ORD-215657,PROD-001113,5,273.39,0.158006832,215.99,1366.95,80.57,6.13,1237.66,669.35,562.18
ORD-215657,PROD-000111,4,349.18,0.032856218,45.89,1396.72,94.56,6.08,1451.47,823.32,622.07
ORD-215657,PROD-000437,1,186.24,0.172084807,32.05,186.24,10.79,5.6,170.58,110.71,54.27
ORD-831968,PROD-000017,3,910.72,0.349748472,955.57,2732.16,177.66,6.25,1960.5,1467.09,487.16
ORD-831968,PROD-000662,4,300.12,0.287183499,344.76,1200.48,85.57,19.9,961.19,528.28,413.01
ORD-831968,PROD-000306,4,71.06,0.083677587,23.78,284.24,26.05,2.46,288.97,106.2,180.31
ORD-592152,PROD-000011,2,989.81,0.0854242,169.11,1979.62,126.74,23.67,1960.92,1057.32,879.93
ORD-592152,PROD-000018,1,1207.67,0.183896313,222.09,1207.67,68.99,15.08,1069.65,830.76,223.81
ORD-592152,PROD-000900,1,119.47,0.136254883,16.28,119.47,7.22,23.84,134.25,63.58,46.83
ORD-592152,PROD-000463,1,392.4,0.135619537,53.22,392.4,23.74,5.59,368.51,152.75,210.17
ORD-435719,PROD-000845,5,80.71,0.375752335,151.63,403.55,17.63,3.63,273.18,122.5,147.05
ORD-434232,PROD-000196,2,87.24,0,0,174.48,12.21,23.62,210.31,56.32,130.37
ORD-434232,PROD-000543,3,24.07,0,0,72.21,5.05,5.54,82.8,29.4,47.86
ORD-434232,PROD-000091,3,666.55,0,0,1999.65,139.98,15.08,2154.71,1204.86,934.77
ORD-520218,PROD-000703,1,517.16,0.193332625,99.98,517.16,29.2,5.97,452.35,347.45,98.93
ORD-350360,PROD-000321,5,46.88,0.418610614,98.12,234.4,9.54,5.72,151.54,117.4,28.42
ORD-350360,PROD-001059,2,11.7,0.217444988,5.09,23.4,1.28,6.33,25.92,6.94,12.65
ORD-350360,PROD-000666,4,401.03,0.47800566,766.78,1604.12,58.61,15.04,910.99,1102,-206.05
ORD-292054,PROD-000272,1,138.92,0,0,138.92,9.72,14.63,163.27,71.89,76.75
ORD-612772,PROD-000558,2,177.43,0.40791968,144.75,354.86,14.71,3.19,228.01,183.46,41.36
ORD-612772,PROD-000737,2,98.28,0.099762941,19.61,196.56,12.39,3.31,192.65,113.56,75.78
ORD-612772,PROD-000340,1,233.66,0.122391459,28.6,233.66,14.35,3.13,222.54,135.26,84.15
ORD-114960,PROD-000070,1,1062.55,0.019188039,20.39,1062.55,135.48,7.16,1184.8,532.35,645.29
ORD-114960,PROD-000343,1,346.89,0.141525873,49.09,346.89,38.71,27.82,364.33,194.65,141.86
ORD-534450,PROD-000580,3,51.01,0.330669057,50.6,153.03,7.17,6.14,115.74,59.97,49.63
ORD-534450,PROD-000079,1,236.67,0.107157309,25.36,236.67,14.79,5.69,231.79,137.41,88.69
ORD-534450,PROD-000628,1,176.56,0.135753397,23.97,176.56,10.68,6.11,169.38,81.05,82.22
ORD-534450,PROD-000532,1,17.29,0.128259736,2.22,17.29,1.05,15.34,31.46,7.69,8.43
ORD-534450,PROD-000327,1,206.1,0.119053274,24.54,206.1,12.71,24.05,218.32,102.89,91.38
ORD-852551,PROD-001159,2,253.06,0.145052038,73.41,506.12,77.89,4.26,514.86,253.42,257.18
ORD-852551,PROD-000851,4,93.72,0.12219965,45.81,374.88,59.23,10.17,398.47,122.88,265.42
ORD-852551,PROD-000432,3,352.5,0.04207396,44.49,1057.5,182.34,2.85,1198.2,624.12,571.23
ORD-358493,PROD-000719,1,43.68,0.145731624,6.37,43.68,2.61,6.19,46.11,17.91,22.01
ORD-358493,PROD-001148,2,163.03,0.182168745,59.4,326.06,18.67,5.57,290.9,115.06,170.27
ORD-358493,PROD-000337,4,111.12,0.221294776,98.36,444.48,24.23,6.16,376.51,209.96,160.39
ORD-358493,PROD-001048,1,92.47,0.238474749,22.05,92.47,4.93,3.82,79.17,36.63,38.72
ORD-515499,PROD-000634,2,474.6,0.106638818,101.22,949.2,59.36,5.64,912.98,537.5,369.84
ORD-515499,PROD-000597,2,27.33,0.049049604,2.68,54.66,3.64,3.62,59.24,23.48,32.14
ORD-515499,PROD-000306,2,71.06,0.149421955,21.24,142.12,8.46,6.04,135.38,53.1,76.24
ORD-515499,PROD-000810,4,239.42,0.172074703,164.79,957.68,55.5,5.8,854.19,362.48,485.91
ORD-419031,PROD-000787,1,167.18,0.109264361,18.27,167.18,10.42,14.98,174.31,64.45,94.88
ORD-419031,PROD-000805,1,126.54,0.190107455,24.06,126.54,7.17,3.56,113.21,38.83,70.82
ORD-419031,PROD-000843,2,60.57,0.150718934,18.26,121.14,7.2,3.46,113.54,65.34,44.74
ORD-120382,PROD-000726,5,253.56,0.163429746,207.2,1267.8,74.24,3.13,1137.97,532.25,602.59
ORD-120382,PROD-000314,1,236.96,0.136474343,32.34,236.96,14.32,11.85,230.79,99.17,119.77
ORD-589614,PROD-000079,1,236.67,0.240837167,57,236.67,12.58,2.51,194.76,137.41,54.84
ORD-589614,PROD-000344,2,334.13,0.067776677,45.29,668.26,43.61,0.74,667.32,240.08,426.5
ORD-662449,PROD-000873,3,96.46,0.22043182,63.79,289.38,11.28,4.6,241.47,106.38,130.49
ORD-662449,PROD-000281,1,11.83,0.246042656,2.91,11.83,0.45,16.54,25.91,5.51,3.86
ORD-265859,PROD-000069,3,988.36,0.252082512,747.44,2965.08,155.23,14.7,2387.57,1488,884.87
ORD-265859,PROD-000091,2,666.55,0.081638759,108.83,1333.1,85.7,6.2,1316.17,803.24,506.73
ORD-132623,PROD-001038,1,27.99,0.115464896,3.23,27.99,1.73,3.82,30.31,11.99,14.5
ORD-826463,PROD-000909,1,148.33,0,0,148.33,10.38,15.24,173.95,57.98,100.73
ORD-826463,PROD-000765,1,73.99,0,0,73.99,5.18,5.82,84.99,35.45,43.72
ORD-826463,PROD-000528,1,37.36,0,0,37.36,2.62,5.89,45.87,15.65,24.33
ORD-580072,PROD-000161,1,196.23,0.035356503,6.94,196.23,13.25,14.67,217.21,99.83,102.71
ORD-580072,PROD-000432,1,352.5,0.011437874,4.03,352.5,24.39,6.12,378.98,208.04,164.82
ORD-580072,PROD-001045,2,93.61,0.054914154,10.28,187.22,12.39,3.55,192.88,72.28,117.05
ORD-265347,PROD-001017,1,427.73,0.101870962,43.57,427.73,26.89,12.45,423.5,205,206.05
ORD-265347,PROD-000502,1,33.89,0.075521235,2.56,33.89,2.19,3.12,36.64,12.74,20.78
ORD-887326,PROD-000740,2,95.23,0.148006633,28.19,190.46,11.36,0.11,173.74,108.22,65.41
ORD-887326,PROD-000909,1,148.33,0.070393868,10.44,148.33,9.65,3.31,150.85,57.98,89.56
ORD-887326,PROD-000589,2,42.76,0.084164843,7.2,85.52,5.48,3.31,87.11,32.6,51.2
ORD-451225,PROD-000430,4,191.55,0.196558379,150.6,766.2,43.09,14.71,673.4,275.8,382.89
ORD-451225,PROD-000867,1,78.23,0.192284302,15.04,78.23,4.42,6.4,74.01,26.09,41.52
ORD-451225,PROD-000286,1,36.7,0.086592997,3.18,36.7,2.35,15.05,50.92,11.35,24.52
ORD-699669,PROD-001096,1,31.95,0.239463813,7.65,31.95,1.7,6.29,32.29,12.68,13.32
ORD-699669,PROD-001126,5,235.63,0.314181697,370.15,1178.15,56.56,5.6,870.16,577.55,287.01
ORD-699669,PROD-000980,1,604.58,0.102419748,61.92,604.58,37.99,3.27,583.92,414.54,166.11
ORD-516060,PROD-000133,3,700.89,0.208732339,438.9,2102.67,216.29,4.15,1884.21,1066.59,813.47
ORD-862621,PROD-000878,1,250.79,0.156304792,39.2,250.79,14.81,15.25,241.65,75.57,150.83
ORD-400413,PROD-000540,2,56.33,0.431724063,48.64,112.66,4.48,20.74,89.24,46.36,22.14
ORD-400413,PROD-000587,2,35.3,0.175077401,12.36,70.6,4.08,12.08,74.4,30.86,31.46
ORD-400413,PROD-000391,2,318.04,0.147711582,93.96,636.08,37.95,3.35,583.42,409.86,170.21
ORD-302073,PROD-000452,4,369.5,0,0,1478,103.46,0.25,1581.71,733.08,848.38
ORD-302073,PROD-001041,1,30.73,0,0,30.73,2.15,3.04,35.92,9.58,23.3
ORD-302073,PROD-000636,4,137.44,0,0,549.76,38.48,11.59,599.83,377.92,210.32
ORD-277420,PROD-001017,1,427.73,0.080572111,34.46,427.73,27.53,14.54,435.34,205,215.8
ORD-277420,PROD-000506,1,10.53,0.190984033,2.01,10.53,0.6,15.25,24.37,4.52,4.6
ORD-277420,PROD-000156,3,362.41,0.151834707,165.08,1087.23,64.55,5.98,992.68,512.55,474.15
ORD-277420,PROD-000185,1,174.53,0.065804253,11.48,174.53,11.41,6.15,180.61,81.73,92.73
ORD-633111,PROD-000758,2,124.59,0.148229629,36.94,249.18,14.86,0.52,227.62,117.6,109.5
ORD-633111,PROD-000435,1,49.69,0.176636161,8.78,49.69,2.86,3.26,47.03,25.46,18.31
ORD-633111,PROD-000670,5,470.49,0.007104124,16.71,2352.45,163.5,0.42,2499.66,987.1,1512.14
ORD-633111,PROD-000749,2,258.87,0.23302527,120.65,517.74,27.8,0.9,425.79,248.7,176.19
ORD-290486,PROD-000334,1,186.71,0.127901948,23.88,186.71,16.28,19.69,198.8,73.99,105.12
ORD-290486,PROD-000063,3,1262.39,0.50604267,1916.47,3787.17,187.07,33,2090.77,2314.11,-256.34
ORD-290486,PROD-000806,1,241.36,0.121432685,29.31,241.36,21.2,5.6,238.85,95.59,137.66
ORD-680333,PROD-001069,2,69.31,0.186084121,25.79,138.62,7.9,14.95,135.68,63.7,57.03
ORD-680333,PROD-000306,1,71.06,0.109246726,7.76,71.06,4.43,5.52,73.25,26.55,41.18
ORD-680333,PROD-001129,4,19.77,0.192664944,15.24,79.08,4.47,24.04,92.35,41.12,27.19
ORD-680333,PROD-001138,3,47.72,0.105582095,15.12,143.16,8.96,5.9,142.9,43.74,93.26
ORD-155538,PROD-000904,1,113.26,0.205491701,23.27,113.26,6.3,3.13,99.42,60.25,36.04
ORD-320621,PROD-000261,4,107.15,0.08602221,36.87,428.6,74.43,19.59,485.75,186.72,279.44
ORD-320621,PROD-000313,3,22.08,0.233574579,15.47,66.24,9.65,5.49,65.91,38.31,22.11
ORD-225653,PROD-000962,2,117.6,0.234393326,55.13,235.2,36.01,19.61,235.69,98.94,117.14
ORD-673883,PROD-000476,3,77.56,0.192634428,44.82,232.68,13.15,5.6,206.61,70.02,130.99
ORD-673883,PROD-001153,1,155.1,0.068545692,10.63,155.1,10.11,5.58,160.16,73.32,81.26
ORD-673883,PROD-000673,1,221.46,0.040853706,9.05,221.46,14.87,5.95,233.23,148.37,78.91
ORD-673883,PROD-000873,1,96.46,0.05757971,5.55,96.46,6.36,6.44,103.71,35.46,61.81
ORD-673883,PROD-000444,1,261.64,0.012770983,3.34,261.64,18.08,14.7,291.08,135.17,141.21
ORD-454197,PROD-000014,1,772.2,0.050352644,38.88,772.2,95.33,3.91,832.56,404.95,423.7
ORD-454197,PROD-000643,2,361.16,0.089410896,64.58,722.32,85.51,4.28,747.53,393.16,350.09
ORD-156541,PROD-000372,2,221.74,0,0,443.48,88.7,2.72,534.9,220.96,311.22
ORD-245174,PROD-000139,2,542.29,0.158438465,171.84,1084.58,182.55,5.39,1100.68,555.42,539.87
ORD-245174,PROD-000210,1,229.29,0.109205425,25.04,229.29,40.85,5.25,250.35,71.31,173.79
ORD-245174,PROD-000644,1,57.62,0.146264178,8.43,57.62,9.84,5.47,64.5,33.07,25.96
ORD-107494,PROD-000752,3,251.35,0.065777696,49.6,754.05,49.31,5.96,759.72,429.63,324.13
ORD-608952,PROD-000570,2,54.97,0.141020183,15.5,109.94,6.61,3.3,104.35,50.02,51.03
ORD-608952,PROD-000490,2,38.48,0.180411679,13.88,76.96,4.42,14.6,82.1,36.5,31
ORD-608952,PROD-000282,1,144.55,0.188325478,27.22,144.55,8.21,6.03,131.57,48.74,76.8
ORD-854193,PROD-000870,3,76.28,0.231856651,53.06,228.84,31.64,0.82,208.24,109.11,98.31
ORD-854193,PROD-000648,2,213.86,0.051870637,22.19,427.72,73,6.76,485.29,271.8,206.73
ORD-207709,PROD-000956,3,601.08,0.16358497,294.98,1803.24,105.58,5.83,1619.67,1000.83,613.01
ORD-207709,PROD-000967,2,453.97,0.126112608,114.5,907.94,55.54,6.48,855.46,373.4,475.58
ORD-207709,PROD-000824,1,140.33,0.088701223,12.45,140.33,8.95,24.3,161.13,50.09,86.74
ORD-207709,PROD-000314,2,236.96,0.107757554,51.07,473.92,29.6,6.3,458.75,198.34,254.11
ORD-232089,PROD-000997,2,732.53,0.068607343,100.51,1465.06,95.52,23.68,1483.75,965.18,494.89
ORD-232089,PROD-000633,3,377.27,0.159924349,181,1131.81,66.56,3.84,1021.21,516.57,500.8
ORD-208565,PROD-000894,1,187.81,0.068236362,12.82,187.81,12.25,15,202.24,71.42,115.82
ORD-208565,PROD-001127,2,35.63,0.154694865,11.02,71.26,4.22,5.75,70.21,33.82,30.64
ORD-653164,PROD-000461,1,102.67,0.017847474,1.83,102.67,7.06,15.23,123.13,47.98,59.92
ORD-969776,PROD-000184,1,236.25,0.160252227,37.86,236.25,37.69,5.16,241.24,107.74,128.34
ORD-969776,PROD-000907,1,298.77,0.115600288,34.54,298.77,50.2,20.19,334.62,91.75,222.68
ORD-700910,PROD-000908,3,277.37,0.176803849,147.12,832.11,130.15,4.75,819.89,444.45,370.69
ORD-509633,PROD-000742,1,83.94,0.229123771,19.23,83.94,4.53,2.58,71.82,29.64,39.6
ORD-302821,PROD-000402,2,178.71,0.150013994,53.62,357.42,21.27,3.13,328.2,177.5,147.57
ORD-302821,PROD-001155,3,194.42,0.132252119,77.14,583.26,35.43,0.4,541.95,262.38,279.17
ORD-793086,PROD-000578,1,130.42,0.062988937,8.22,130.42,24.44,4.72,151.36,56.31,90.33
ORD-793086,PROD-000647,1,308.99,0.079708346,24.63,308.99,56.87,3.22,344.45,130.74,210.49
ORD-793086,PROD-001089,1,80.31,0.116817346,9.38,80.31,14.19,4.83,89.95,21.46,63.66
ORD-768603,PROD-000747,1,37.51,0.120805135,4.53,37.51,2.31,5.85,41.14,15.37,19.92
ORD-768603,PROD-000171,2,191.76,0.238267727,91.38,383.52,20.45,6.41,319,163.18,149.41
ORD-750222,PROD-000323,3,291.83,0.23344736,204.38,875.49,134.22,5.39,810.72,371.46,433.87
ORD-750222,PROD-000748,3,24.88,0.288082832,21.5,74.64,10.63,3.11,66.88,36.99,26.78
ORD-750222,PROD-000538,2,55.56,0.090092536,10.01,111.12,20.22,12.18,133.51,45.18,76.15
ORD-949339,PROD-000126,2,323.28,0.232419854,150.27,646.56,99.26,9.34,604.89,395.18,200.37
ORD-949339,PROD-000495,2,48.11,0.011898001,1.14,96.22,19.02,1.85,115.95,28.98,85.12
ORD-949339,PROD-000227,2,145.73,0.09819253,28.62,291.46,52.57,1.98,317.39,150.5,164.91
ORD-949339,PROD-000169,1,211.72,0.239041159,50.61,211.72,32.22,1.62,194.95,73.84,119.49
ORD-881090,PROD-000226,1,147.53,0,0,147.53,10.33,2.72,160.58,48.39,109.47
ORD-881090,PROD-000587,1,35.3,0,0,35.3,2.47,1.02,38.79,15.43,22.34
ORD-363328,PROD-000850,2,107.81,0.107941464,23.27,215.62,13.46,5.74,211.55,86.64,119.17
ORD-363328,PROD-000924,1,242.67,0.19528801,47.39,242.67,13.67,5.73,214.68,78.35,130.6
ORD-344837,PROD-000703,1,517.16,0,0,517.16,103.43,4.94,625.53,347.45,273.14
ORD-344837,PROD-000289,2,66.11,0,0,132.22,26.44,2.62,161.28,58.16,100.5
ORD-344837,PROD-000869,1,10.03,0,0,10.03,2.01,5.48,17.52,4.29,7.75
ORD-770330,PROD-000536,1,46.33,0.070400341,3.26,46.33,2.15,4.62,49.84,14.53,30.69
ORD-770330,PROD-001124,1,211.45,0.187385433,39.62,211.45,8.59,4.52,184.94,75,105.42
ORD-770330,PROD-000453,1,452.83,0.152440906,69.03,452.83,19.19,17.17,420.16,215.78,187.21
ORD-770330,PROD-000756,1,194.92,0.17931254,34.95,194.92,8,5.31,173.28,97.06,70.91
ORD-770330,PROD-000817,4,23.84,0.108188694,10.32,95.36,4.25,4.85,94.14,36.76,52.53
ORD-154366,PROD-000135,1,453.68,0,0,453.68,31.76,15.33,500.77,275.21,210.23
ORD-154366,PROD-000621,2,158.64,0,0,317.28,22.21,5.76,345.25,147.24,192.25
ORD-154366,PROD-000707,1,68.41,0,0,68.41,4.79,6.06,79.26,45.47,27.73
ORD-154366,PROD-000284,1,93.35,0,0,93.35,6.53,3.17,103.05,29.57,70.31
ORD-154366,PROD-000661,3,127.94,0,0,383.82,26.87,14.52,425.21,245.94,164.75
ORD-752695,PROD-000486,5,75.17,0.189445296,71.2,375.85,39.6,7.2,351.45,164.6,179.65
ORD-752695,PROD-000303,4,124.44,0.187832287,93.5,497.76,52.55,6.6,463.41,191.88,264.93
ORD-752695,PROD-001092,1,55.89,0.12849681,7.18,55.89,6.33,17.81,72.85,25.66,29.38
ORD-257720,PROD-001077,3,15.01,0.140878243,6.34,45.03,2.71,3.67,45.07,13.77,27.63
ORD-257720,PROD-000111,3,349.18,0.106283813,111.34,1047.54,65.53,5.99,1007.72,617.49,384.24
ORD-257720,PROD-000132,1,643.49,0.125129499,80.52,643.49,39.41,5.99,608.37,312.22,290.16
ORD-257720,PROD-000740,1,95.23,0.093307273,8.89,95.23,6.04,6.23,98.61,54.11,38.27
ORD-781134,PROD-000025,1,207.18,0.125831997,26.07,207.18,12.68,20.67,214.46,137.38,56.41
ORD-781134,PROD-001029,3,71.61,0.299910784,64.43,214.83,10.53,3.04,163.97,90.24,70.69
ORD-224836,PROD-000841,2,176.21,0.138442101,48.79,352.42,21.25,3.49,328.37,117.58,207.3
ORD-224836,PROD-000925,1,285.33,0.088659348,25.3,285.33,18.2,24.35,302.58,124.95,153.28
ORD-224836,PROD-000587,3,35.3,0.061105425,6.47,105.9,6.96,15.01,121.4,46.29,60.1
ORD-989390,PROD-000467,1,318.14,0.151729964,48.27,318.14,18.89,5.55,294.31,178.81,109.95
ORD-989390,PROD-000390,1,266.05,0.026788797,7.13,266.05,18.12,24.2,301.24,93.63,183.41
ORD-989390,PROD-000187,2,231.44,0.080020551,37.04,462.88,29.81,6.26,461.91,225,230.65
ORD-989390,PROD-000021,1,705.28,0.170714012,120.4,705.28,40.94,5.99,631.81,390.92,234.9
ORD-989390,PROD-000846,1,210.19,0.074994234,15.76,210.19,13.61,4.07,212.11,101.97,106.07
ORD-297922,PROD-000031,1,355.47,0.075440752,26.82,355.47,23.01,2.69,354.35,228.44,123.22
ORD-468654,PROD-000484,1,57.83,0.175317425,10.14,57.83,3.34,3.63,54.66,23.1,27.93
ORD-468654,PROD-000170,4,250.31,0.210413716,210.67,1001.24,55.34,15.03,860.94,585.68,260.23
ORD-468654,PROD-000669,1,177.73,0.103371197,18.37,177.73,11.16,15.16,185.68,111.58,58.94
ORD-468654,PROD-001071,3,20.23,0.332131438,20.16,60.69,2.84,23.92,67.29,25.38,17.99
ORD-813432,PROD-001037,2,61,0.105260894,12.84,122,21.83,9.58,140.57,49.2,81.79
ORD-813432,PROD-000589,1,42.76,0.039762338,1.7,42.76,8.21,17.02,66.29,16.3,32.97
ORD-507772,PROD-000386,3,382.54,0.140670775,161.44,1147.62,69.03,11.54,1066.75,456.27,598.94
ORD-507772,PROD-001137,4,80.03,0.274913165,88.01,320.12,16.25,21.26,269.62,99.28,149.08
ORD-507772,PROD-000012,3,1433.55,0.322014244,1384.87,4300.65,204.1,0.14,3120.02,2980.89,138.99
ORD-393658,PROD-000490,3,38.48,0.325185795,37.54,115.44,5.45,3.02,86.37,54.75,28.6
ORD-393658,PROD-000115,1,221.24,0.204710999,45.29,221.24,12.32,0.35,188.62,112.49,75.78
ORD-932747,PROD-001080,1,96.19,0.110963632,10.67,96.19,5.99,14.96,106.47,38.87,52.64
ORD-932747,PROD-000396,1,470.18,0.127970761,60.17,470.18,28.7,3.45,442.16,261.59,177.12
ORD-932747,PROD-000468,1,104.62,0.180334593,18.87,104.62,6,5.76,97.51,37.77,53.98
ORD-932747,PROD-000859,3,64.25,0.190027402,36.63,192.75,10.93,5.55,172.6,88.68,78.37
ORD-333545,PROD-000419,3,350.64,0.028089654,29.55,1051.92,71.57,23.51,1117.45,503.97,589.97
ORD-273803,PROD-000448,1,244.75,0.21385897,52.34,244.75,13.47,2.54,208.42,149.42,56.46
ORD-273803,PROD-000369,4,398.04,0.135969987,216.49,1592.16,96.3,20.93,1492.9,626.48,845.49
ORD-273803,PROD-001148,1,163.03,0.074612463,12.16,163.03,10.56,12.13,173.56,57.53,103.9
ORD-273803,PROD-001087,1,42.23,0.013578248,0.57,42.23,2.92,3.48,48.06,20.01,24.57
ORD-780117,PROD-000777,1,196.37,0.147894059,29.04,196.37,11.71,3.44,182.48,71.24,107.8
ORD-257290,PROD-001013,2,460.42,0.188736942,173.8,920.84,52.29,14.89,814.22,639.16,160.17
ORD-257290,PROD-001162,1,277.18,0.004845998,1.34,277.18,19.31,3.44,298.59,123.57,171.58
ORD-257290,PROD-000353,2,310.37,0.183316387,113.79,620.74,35.49,5.83,548.27,279.64,262.8
ORD-914497,PROD-000485,2,70.82,0.097386072,13.79,141.64,8.95,5.84,142.64,58.66,78.14
ORD-672300,PROD-000659,2,193.26,0.193825418,74.92,386.52,21.81,11.49,344.9,263.68,69.73
ORD-672300,PROD-000072,2,491.55,0.142966462,140.55,983.1,58.98,11.66,913.19,631.58,269.95
ORD-715958,PROD-000893,3,138.21,0.065840155,27.3,414.63,77.47,12.78,477.58,131.61,333.19
ORD-715958,PROD-000852,4,237.45,0.31041993,294.84,949.8,130.99,5.46,791.41,302.12,483.83
ORD-837480,PROD-000078,2,853.43,0.096060717,163.96,1706.86,108,11.99,1662.89,1050.36,600.54
ORD-259914,PROD-000645,1,345.18,0.005542247,1.91,345.18,68.65,4.52,416.44,200.57,211.35
ORD-637683,PROD-000178,2,299.92,0.229647382,137.75,599.84,32.35,3.44,497.88,359.3,135.14
ORD-637683,PROD-001016,2,719.33,0.024372425,35.06,1438.66,98.25,2.86,1504.71,757.92,743.93
ORD-637683,PROD-000166,1,118.94,0.121505946,14.45,118.94,7.31,3.34,115.14,56.51,55.29
ORD-637683,PROD-000316,2,19.23,0.177262094,6.82,38.46,2.21,2.54,36.39,14.78,19.07
ORD-437030,PROD-000949,1,598.27,0.030161501,18.04,598.27,58.02,9.07,647.32,303.4,334.85
ORD-437030,PROD-000946,4,323.04,0.053256634,68.82,1292.16,122.33,22.09,1367.76,772.68,572.99
ORD-437030,PROD-000821,2,248.52,0.046006869,22.87,497.04,47.42,22.56,544.15,258.5,263.09
ORD-291298,PROD-000524,2,41.62,0.046002756,3.83,83.24,15.88,5.35,100.64,34.74,60.55
ORD-291298,PROD-000931,1,253.43,0.046176294,11.7,253.43,48.35,3,293.08,150.62,139.46
ORD-392026,PROD-001175,1,87.88,0.095284703,8.37,87.88,10.34,1.38,91.23,28.58,61.27
ORD-977789,PROD-000065,1,1370.54,0.233151796,319.54,1370.54,73.57,3.9,1128.47,858.81,265.76
ORD-284176,PROD-000961,1,364.99,0.096183033,35.11,364.99,23.09,11.89,364.86,239.62,113.35
ORD-712874,PROD-001158,1,235.94,0.001314308,0.31,235.94,16.49,5.63,257.75,106.75,145.37
ORD-712874,PROD-000258,1,128.5,0.142477472,18.31,128.5,7.71,6.37,124.27,42.65,75.25
ORD-712874,PROD-000136,2,726.87,0.024329646,35.37,1453.74,99.29,5.85,1523.51,722.94,794.72
ORD-712874,PROD-001114,3,199.7,0.073713787,44.16,599.1,38.85,23.47,617.26,312.9,280.89
ORD-712874,PROD-000259,1,121.62,0.051244357,6.23,121.62,8.08,15.28,138.75,41.04,82.43
ORD-225341,PROD-000775,1,188.25,0.094187394,17.73,188.25,34.1,12.29,216.91,80.45,124.17
ORD-225341,PROD-000689,1,50.13,0.14484951,7.26,50.13,8.57,2.74,54.18,31.88,19.56
ORD-148317,PROD-000261,4,107.15,0.143501106,61.5,428.6,73.42,9.05,449.57,186.72,253.8
ORD-148317,PROD-000530,1,38.3,0.073459706,2.81,38.3,7.1,0.02,42.61,14.77,27.82
ORD-717081,PROD-001089,3,80.31,0.156722906,37.76,240.93,14.22,5.51,222.9,64.38,153.01
ORD-618977,PROD-000770,2,190.86,0.438266069,167.29,381.72,40.74,2.42,257.59,144.46,110.71
ORD-618977,PROD-000676,3,170.89,0.43440926,222.71,512.67,55.09,2.04,347.09,317.46,27.59
ORD-618977,PROD-000767,1,45.79,0.124238233,5.69,45.79,7.62,0,47.72,19.91,27.81
ORD-618977,PROD-001035,5,91.88,0.337633737,155.11,459.4,57.82,1.95,364.06,164.7,197.41
ORD-733020,PROD-000067,2,1353.21,0.168560165,456.19,2706.42,157.52,3.49,2411.24,1775.34,632.41
ORD-733020,PROD-000548,2,68.94,0.151170863,20.84,137.88,8.19,3.46,128.69,55.72,69.51
ORD-953285,PROD-000450,1,201.24,0.084831032,17.07,201.24,12.89,14.55,211.61,130.06,67
ORD-953285,PROD-000261,1,107.15,0.179563674,19.24,107.15,6.15,6.4,100.46,46.68,47.38
ORD-953285,PROD-000168,1,170.11,0.065666501,11.17,170.11,11.13,6.11,176.18,66.83,103.24
ORD-526041,PROD-000688,1,317.25,0.141174749,44.79,317.25,19.07,5.83,297.36,203.65,87.88
ORD-662987,PROD-000723,1,195.73,0.23479369,45.96,195.73,10.48,3.06,163.31,74.68,85.57
ORD-662987,PROD-000104,1,289.58,0.154605928,44.77,289.58,17.14,2.49,264.44,147.61,114.34
ORD-662987,PROD-000398,4,301.53,0.08847396,106.71,1206.12,76.96,3.4,1179.77,547.28,629.09
ORD-662987,PROD-000049,1,570.29,0.113318915,64.62,570.29,35.4,3.46,544.53,289.35,251.72
ORD-662987,PROD-000608,1,37.46,0.114204369,4.28,37.46,2.32,12.42,47.92,17,18.5
ORD-538073,PROD-000028,3,1010.29,0,0,3030.87,606.17,4.52,3641.56,1716.03,1921.01
ORD-538073,PROD-000962,1,117.6,0,0,117.6,23.52,12.23,153.35,49.47,91.65
ORD-538073,PROD-000084,3,697.11,0,0,2091.33,418.27,3.04,2512.64,990.48,1519.12
ORD-538073,PROD-000070,4,1062.55,0,0,4250.2,850.04,20.01,5120.25,2129.4,2970.84
ORD-538073,PROD-000352,3,322.53,0,0,967.59,193.52,4.6,1165.71,580.05,581.06
ORD-464661,PROD-000628,2,176.56,0.429452498,151.65,353.12,14.1,15.45,231.02,162.1,53.47
ORD-464661,PROD-000955,1,952.94,0.083073937,79.16,952.94,61.16,3.49,938.43,547.45,387.49
ORD-464661,PROD-000457,3,110.35,0.293321531,97.1,331.05,16.38,3.1,253.43,139.47,110.86
ORD-765671,PROD-000179,4,235.32,0.319795792,301.02,941.28,44.82,15.25,700.33,549.16,135.92
ORD-765671,PROD-000191,5,163.92,0.435485052,356.92,819.6,32.39,23.92,518.99,438.55,56.52
ORD-768704,PROD-000153,3,107.95,0.345264333,111.81,323.85,14.84,2.88,229.76,167.49,59.39
ORD-768704,PROD-000629,2,44.61,0.562300116,50.17,89.22,2.73,12.27,54.05,37.06,4.72
ORD-768704,PROD-000548,2,68.94,0.27758108,38.27,137.88,6.97,3.15,109.73,55.72,50.86
ORD-971773,PROD-000826,3,218.79,0.285342855,187.29,656.37,32.84,3.55,505.47,218.34,283.58
ORD-971773,PROD-000260,3,111.12,0.260093682,86.7,333.36,17.27,3.18,267.11,160.02,103.91
ORD-971773,PROD-000942,2,89.4,0.499044691,89.23,178.8,6.27,14.48,110.32,70.9,24.94
ORD-189667,PROD-000548,3,68.94,0.121519324,25.13,206.82,12.72,14.96,209.37,83.58,110.83
ORD-189667,PROD-000268,1,31.36,0.109730881,3.44,31.36,1.95,3.95,33.82,13.93,15.94
ORD-485588,PROD-000198,2,199.44,0.141510795,56.45,398.88,23.97,4.07,370.47,141.42,224.98
ORD-485588,PROD-000985,1,728.61,0.208032633,151.57,728.61,40.39,4.01,621.44,392.37,225.06
ORD-485588,PROD-000413,3,435.57,0.150326121,196.43,1306.71,77.72,24.23,1212.23,642.84,545.16
ORD-485588,PROD-000790,1,174.21,0.077664934,13.53,174.21,11.25,23.99,195.92,75.92,96.01
ORD-915633,PROD-000904,2,113.26,0.36014568,81.58,226.52,10.15,6.37,161.46,120.5,34.59
ORD-915633,PROD-000302,1,91.63,0.24004909,22,91.63,4.87,5.7,80.2,37.14,37.36
ORD-456716,PROD-000400,2,485.22,0.197417526,191.58,970.44,155.77,9.76,944.39,557.9,376.73
ORD-456716,PROD-000442,1,129.13,0.185709884,23.98,129.13,21.03,0,126.18,83,43.18
ORD-797291,PROD-000373,2,50.22,0,0,100.44,7.03,6.31,113.78,57.18,50.29
ORD-630823,PROD-000338,4,395.25,0.246245141,389.31,1581,238.34,9.85,1439.88,926.48,503.55
ORD-630823,PROD-000738,4,244.4,0.197936768,193.5,977.6,156.82,1.57,942.49,346.56,594.36
ORD-159648,PROD-000291,1,62.26,0.07572763,4.71,62.26,4.03,5.57,67.15,22.89,38.69
ORD-159648,PROD-001134,2,177.24,0.076428301,27.09,354.48,22.92,3.69,354,112.3,238.01
ORD-159648,PROD-000182,5,208.08,0.257862478,268.28,1040.4,54.05,6.03,832.2,505.05,321.12
ORD-440563,PROD-000355,1,310.79,0.119550886,37.16,310.79,19.15,0.13,292.91,141.24,151.54
ORD-440563,PROD-000046,1,620.16,0.220646748,136.84,620.16,33.83,11.61,528.76,374.43,142.72
ORD-440563,PROD-000024,2,1482.95,0.129780175,384.92,2965.9,180.67,0.78,2762.43,1941.04,820.61
ORD-526758,PROD-000482,1,41.06,0.14537961,5.97,41.06,2.46,14.9,52.45,19.45,18.1
ORD-526758,PROD-000422,1,241.23,0.045086074,10.88,241.23,16.12,5.68,252.15,85.27,161.2
ORD-526758,PROD-000964,1,844.03,0.163116542,137.68,844.03,49.44,5.96,761.75,421.73,334.06
ORD-526758,PROD-000095,1,362.91,0.01669214,6.06,362.91,24.98,5.49,387.32,153.69,228.14
ORD-523901,PROD-000038,1,409.59,0.229263919,93.9,409.59,22.1,6.24,344.03,280.95,56.84
ORD-523901,PROD-001010,3,659.65,0.202166038,400.08,1978.95,110.52,15.13,1704.52,1190.22,499.17
ORD-523901,PROD-000326,1,115.97,0.147610086,17.12,115.97,6.92,15.42,121.19,57.84,47.93
ORD-128146,PROD-000169,5,211.72,0.290944022,307.99,1058.6,142.62,1.61,894.84,369.2,524.03
ORD-128146,PROD-000310,2,223.53,0.418896734,187.27,447.06,49.36,2.21,311.36,227.28,81.87
ORD-495435,PROD-001060,1,88.76,0.210960329,18.72,88.76,9.11,17.18,96.33,40.26,38.89
ORD-664193,PROD-000833,3,148.55,0.16675193,74.31,445.65,48.27,17.34,436.95,230.13,189.48
ORD-664193,PROD-000617,1,179.08,0.123371581,22.09,179.08,20.41,3.73,181.13,82.64,94.76
ORD-664193,PROD-000539,1,33.31,0.112327288,3.74,33.31,3.84,4.23,37.64,14.45,18.96
ORD-684521,PROD-000112,3,181.25,0.152917836,83.15,543.75,32.24,15.43,508.27,223.74,269.1
ORD-684521,PROD-000426,1,74.84,0.122620568,9.18,74.84,4.6,14.96,85.22,31.63,38.63
ORD-684521,PROD-000220,2,121.66,0.055824277,13.58,243.32,16.08,6.48,252.3,120.14,125.68
ORD-281930,PROD-001014,1,542.77,0.171247343,92.95,542.77,85.47,20.43,555.72,246.31,288.98
ORD-281930,PROD-000255,2,44.79,0.081713924,7.32,89.58,15.63,4.89,102.78,43.54,54.35
ORD-842903,PROD-000534,1,72.59,0.06604969,4.79,72.59,12.88,4.68,85.36,24.56,56.12
ORD-842903,PROD-000906,1,115.43,0.068045488,7.85,115.43,20.44,4.82,132.84,57.02,71
ORD-842903,PROD-000275,3,56.69,0.022194103,3.77,170.07,31.6,3.09,200.99,67.95,129.95
ORD-842903,PROD-000472,1,14,0.071751707,1,14,2.47,5.12,20.59,5.69,9.78
ORD-842903,PROD-001005,1,341.44,0.076660081,26.17,341.44,59.9,5.42,380.59,172.73,202.44
ORD-169149,PROD-001120,1,121.01,0.175082561,21.19,121.01,6.99,2.69,109.5,61.17,45.64
ORD-169149,PROD-000694,1,467.77,0.228483406,106.88,467.77,25.26,12.35,398.5,190.92,195.23
ORD-169149,PROD-000869,1,10.03,0.117875313,1.18,10.03,0.62,11.82,21.29,4.29,5.18
ORD-180516,PROD-000189,1,118.16,0.005150099,0.61,118.16,8.23,15.33,141.11,56.36,69.42
ORD-180516,PROD-000216,2,269.35,0.138968363,74.86,538.7,32.47,15.42,511.73,257.54,238.77
ORD-180516,PROD-000914,1,40.33,0.103757768,4.18,40.33,2.53,14.6,53.28,16.52,22.16
ORD-541313,PROD-000101,2,136.18,0.131864967,35.91,272.36,16.55,6.17,259.17,145.12,107.88
